[
    {
        "pk": 1, 
        "model": "djpandora.station", 
        "fields": {
            "current": false, 
            "pandora_id": "299182186353879350", 
            "account": "f4nt@f4ntasmic.com", 
            "name": "Dead Kennedys Radio"
        }
    }, 
    {
        "pk": 2, 
        "model": "djpandora.station", 
        "fields": {
            "current": false, 
            "pandora_id": "339806143113029942", 
            "account": "f4nt@f4ntasmic.com", 
            "name": "Black Eyed Peas Radio"
        }
    }, 
    {
        "pk": 3, 
        "model": "djpandora.station", 
        "fields": {
            "current": false, 
            "pandora_id": "316430633280694582", 
            "account": "f4nt@f4ntasmic.com", 
            "name": "Gorillaz Radio"
        }
    }, 
    {
        "pk": 4, 
        "model": "djpandora.station", 
        "fields": {
            "current": false, 
            "pandora_id": "314976864160409910", 
            "account": "f4nt@f4ntasmic.com", 
            "name": "(Hed) P.E. Radio"
        }
    }, 
    {
        "pk": 5, 
        "model": "djpandora.station", 
        "fields": {
            "current": false, 
            "pandora_id": "316578302846265654", 
            "account": "f4nt@f4ntasmic.com", 
            "name": "Guns N' Roses Radio"
        }
    }, 
    {
        "pk": 6, 
        "model": "djpandora.station", 
        "fields": {
            "current": false, 
            "pandora_id": "224796866070407478", 
            "account": "f4nt@f4ntasmic.com", 
            "name": "Hyper Crush Radio"
        }
    }, 
    {
        "pk": 7, 
        "model": "djpandora.station", 
        "fields": {
            "current": true, 
            "pandora_id": "375716695387367734", 
            "account": "f4nt@f4ntasmic.com", 
            "name": "Cake Radio"
        }
    }, 
    {
        "pk": 8, 
        "model": "djpandora.station", 
        "fields": {
            "current": false, 
            "pandora_id": "353901590123342134", 
            "account": "f4nt@f4ntasmic.com", 
            "name": "Deadmau5 Radio"
        }
    }, 
    {
        "pk": 9, 
        "model": "djpandora.station", 
        "fields": {
            "current": false, 
            "pandora_id": "72281001136449846", 
            "account": "f4nt@f4ntasmic.com", 
            "name": "f4nt's QuickMix"
        }
    }, 
    {
        "pk": 10, 
        "model": "djpandora.station", 
        "fields": {
            "current": false, 
            "pandora_id": "312441145533622582", 
            "account": "f4nt@f4ntasmic.com", 
            "name": "Mindless Self Indulgence Radio"
        }
    }, 
    {
        "pk": 11, 
        "model": "djpandora.station", 
        "fields": {
            "current": false, 
            "pandora_id": "334128612959545654", 
            "account": "f4nt@f4ntasmic.com", 
            "name": "Girl Talk Radio"
        }
    }, 
    {
        "pk": 12, 
        "model": "djpandora.station", 
        "fields": {
            "current": false, 
            "pandora_id": "330745991206496566", 
            "account": "f4nt@f4ntasmic.com", 
            "name": "DragonForce Radio"
        }
    }, 
    {
        "pk": 13, 
        "model": "djpandora.station", 
        "fields": {
            "current": false, 
            "pandora_id": "326404715573111094", 
            "account": "f4nt@f4ntasmic.com", 
            "name": "Basshunter Radio"
        }
    }, 
    {
        "pk": 1, 
        "model": "djpandora.song", 
        "fields": {
            "album": "4x4=12", 
            "pandora_id": "S1617096", 
            "station": 8, 
            "artist": "Deadmau5", 
            "title": "Cthulhu Sleeps"
        }
    }, 
    {
        "pk": 2, 
        "model": "djpandora.song", 
        "fields": {
            "album": "Random Album Title", 
            "pandora_id": "S1246864", 
            "station": 8, 
            "artist": "Deadmau5", 
            "title": "Some Kind Of Blue"
        }
    }, 
    {
        "pk": 3, 
        "model": "djpandora.song", 
        "fields": {
            "album": "Antigravity", 
            "pandora_id": "S950156", 
            "station": 8, 
            "artist": "Zircon", 
            "title": "Warhead"
        }
    }, 
    {
        "pk": 4, 
        "model": "djpandora.song", 
        "fields": {
            "album": "Angel On My Shoulder", 
            "pandora_id": "S1221958", 
            "station": 8, 
            "artist": "Kaskade", 
            "title": "Angel On My Shoulder (EDX's Belo Horizonte At Night Remix)"
        }
    }, 
    {
        "pk": 5, 
        "model": "djpandora.song", 
        "fields": {
            "album": "Daft Club", 
            "pandora_id": "S154121", 
            "station": 8, 
            "artist": "Daft Punk", 
            "title": "Aerodynamic (Daft Punk Remix)"
        }
    }, 
    {
        "pk": 6, 
        "model": "djpandora.song", 
        "fields": {
            "album": "Everythings Complicated EP", 
            "pandora_id": "S1221946", 
            "station": 8, 
            "artist": "Deadmau5", 
            "title": "Everything Before"
        }
    }, 
    {
        "pk": 7, 
        "model": "djpandora.song", 
        "fields": {
            "album": "I Found Him Now I Must Kill Him", 
            "pandora_id": "S1244479", 
            "station": 8, 
            "artist": "The Polish Ambassador", 
            "title": "Portal Hopping"
        }
    }, 
    {
        "pk": 8, 
        "model": "djpandora.song", 
        "fields": {
            "album": "Musique Vol. 1: 1993 - 2005", 
            "pandora_id": "S458685", 
            "station": 8, 
            "artist": "Daft Punk", 
            "title": "Alive"
        }
    }, 
    {
        "pk": 9, 
        "model": "djpandora.song", 
        "fields": {
            "album": "Hed Kandi: The Mix USA 2009", 
            "pandora_id": "S1310452", 
            "station": 8, 
            "artist": "Energy 52", 
            "title": "Cafe Del Mar 08 (Michael Woods Out Of Office Remix)"
        }
    }, 
    {
        "pk": 10, 
        "model": "djpandora.song", 
        "fields": {
            "album": "4x4=12", 
            "pandora_id": "S1617095", 
            "station": 8, 
            "artist": "Deadmau5", 
            "title": "I Said (Michael Woods Remix)"
        }
    }, 
    {
        "pk": 11, 
        "model": "djpandora.song", 
        "fields": {
            "album": "Dj Masters: Unmixed", 
            "pandora_id": "S1280247", 
            "station": 8, 
            "artist": "Jean Elan", 
            "title": "Where's Your Head At (Klaas Remix)"
        }
    }, 
    {
        "pk": 12, 
        "model": "djpandora.song", 
        "fields": {
            "album": "Elements Of Life", 
            "pandora_id": "S870842", 
            "station": 8, 
            "artist": "Tiesto", 
            "title": "Elements Of Life"
        }
    }, 
    {
        "pk": 13, 
        "model": "djpandora.song", 
        "fields": {
            "album": "Divided By Night", 
            "pandora_id": "S1339712", 
            "station": 8, 
            "artist": "The Crystal Method", 
            "title": "Smile?"
        }
    }, 
    {
        "pk": 14, 
        "model": "djpandora.song", 
        "fields": {
            "album": "4x4=12", 
            "pandora_id": "S1617098", 
            "station": 8, 
            "artist": "Deadmau5", 
            "title": "Raise Your Weapon"
        }
    }, 
    {
        "pk": 15, 
        "model": "djpandora.song", 
        "fields": {
            "album": "Supernaturalistic", 
            "pandora_id": "S1097525", 
            "station": 8, 
            "artist": "Sander Van Doorn", 
            "title": "Lobby"
        }
    }, 
    {
        "pk": 16, 
        "model": "djpandora.song", 
        "fields": {
            "album": "I Remember (Single)", 
            "pandora_id": "S1483932", 
            "station": 8, 
            "artist": "Kaskade & Deadmau5", 
            "title": "I Remember (Instrumental)"
        }
    }, 
    {
        "pk": 17, 
        "model": "djpandora.song", 
        "fields": {
            "album": "Ghetto Bass", 
            "pandora_id": "S1310541", 
            "station": 8, 
            "artist": "Jack Beats", 
            "title": "Get Down"
        }
    }, 
    {
        "pk": 18, 
        "model": "djpandora.song", 
        "fields": {
            "album": "Love Me Hate Me Kiss Me Kill Me", 
            "pandora_id": "S1370041", 
            "station": 8, 
            "artist": "Fukkk Offf", 
            "title": "Rock Paper Scissors"
        }
    }, 
    {
        "pk": 19, 
        "model": "djpandora.song", 
        "fields": {
            "album": "Songbird: Select Singles, 1999 - 2008", 
            "pandora_id": "S1170737", 
            "station": 8, 
            "artist": "Deadmau5", 
            "title": "Arguru (Progression Remix)"
        }
    }, 
    {
        "pk": 20, 
        "model": "djpandora.song", 
        "fields": {
            "album": "The Biz - Hypnotica", 
            "pandora_id": "S1498335", 
            "station": 8, 
            "artist": "Benny Benassi", 
            "title": "Able To Love"
        }
    }, 
    {
        "pk": 21, 
        "model": "djpandora.song", 
        "fields": {
            "album": "Thickfreakness", 
            "pandora_id": "S126740", 
            "station": 7, 
            "artist": "The Black Keys", 
            "title": "I Cry Alone"
        }
    }, 
    {
        "pk": 22, 
        "model": "djpandora.song", 
        "fields": {
            "album": "Definitive Soul", 
            "pandora_id": "S68289", 
            "station": 7, 
            "artist": "Otis Redding", 
            "title": "(Sittin' On) The Dock Of The Bay"
        }
    }, 
    {
        "pk": 23, 
        "model": "djpandora.song", 
        "fields": {
            "album": "Bayou Country", 
            "pandora_id": "S14529", 
            "station": 7, 
            "artist": "Creedence Clearwater Revival", 
            "title": "Penthouse Pauper"
        }
    }, 
    {
        "pk": 24, 
        "model": "djpandora.song", 
        "fields": {
            "album": "1967-1970", 
            "pandora_id": "S9386", 
            "station": 7, 
            "artist": "The Beatles", 
            "title": "Get Back"
        }
    }, 
    {
        "pk": 25, 
        "model": "djpandora.song", 
        "fields": {
            "album": "The Big Come Up", 
            "pandora_id": "S157968", 
            "station": 7, 
            "artist": "The Black Keys", 
            "title": "I'll Be Your Man"
        }
    }, 
    {
        "pk": 26, 
        "model": "djpandora.song", 
        "fields": {
            "album": "Room On Fire", 
            "pandora_id": "S146697", 
            "station": 7, 
            "artist": "The Strokes", 
            "title": "Reptilia"
        }
    }, 
    {
        "pk": 27, 
        "model": "djpandora.song", 
        "fields": {
            "album": "Keep It Hid", 
            "pandora_id": "S1285685", 
            "station": 7, 
            "artist": "Dan Auerbach", 
            "title": "Real Desire"
        }
    }, 
    {
        "pk": 28, 
        "model": "djpandora.song", 
        "fields": {
            "album": "Broken Boy Soldiers", 
            "pandora_id": "S493711", 
            "station": 7, 
            "artist": "The Raconteurs", 
            "title": "Together"
        }
    }, 
    {
        "pk": 29, 
        "model": "djpandora.song", 
        "fields": {
            "album": "Martin Scorsese Presents The Blues: Jimi Hendrix", 
            "pandora_id": "S142645", 
            "station": 7, 
            "artist": "Jimi Hendrix", 
            "title": "Voodoo Chile (Extended Edit)"
        }
    }, 
    {
        "pk": 1, 
        "model": "djpandora.vote", 
        "fields": {
            "station": 8, 
            "user": 1, 
            "value": -1, 
            "song": 5
        }
    }, 
    {
        "pk": 2, 
        "model": "djpandora.vote", 
        "fields": {
            "station": 8, 
            "user": 1, 
            "value": 1, 
            "song": 10
        }
    }, 
    {
        "pk": 3, 
        "model": "djpandora.vote", 
        "fields": {
            "station": 8, 
            "user": 1, 
            "value": 1, 
            "song": 11
        }
    }, 
    {
        "pk": 4, 
        "model": "djpandora.vote", 
        "fields": {
            "station": 8, 
            "user": 1, 
            "value": -1, 
            "song": 18
        }
    }, 
    {
        "pk": 5, 
        "model": "djpandora.vote", 
        "fields": {
            "station": 7, 
            "user": 1, 
            "value": -1, 
            "song": 29
        }
    },
    {
        "pk": 2, 
        "model": "auth.user", 
        "fields": {
            "username": "tester", 
            "first_name": "", 
            "last_name": "", 
            "is_active": true, 
            "is_superuser": false, 
            "is_staff": false, 
            "last_login": "2010-07-22 01:44:41", 
            "groups": [1], 
            "user_permissions": [], 
            "password": "sha1$7d204$6d4e1e4e46edfacb94870c39656167c1077b89b8", 
            "email": "", 
            "date_joined": "2010-07-22 01:44:41"
        }
    },
    {
        "pk": 1, 
        "model": "djpandora.stationpoll", 
        "fields": {
            "active": true, 
            "station": 7, 
            "time_started": "2011-03-15 18:59:04"
        }
    }
]
